Name;Address;Job;Company
Joshua Mccarthy;87806 John Center
East Kevin, GU 92539;Scientist, audiological;Barnes LLC
Wanda Bowers;0661 Edwards Knoll
West Anthonymouth, OK 30980;Child psychotherapist;Golden-Knight
Glenn Dennis;634 Lisa Villages
Jenniferside, IN 27368;Engineer, water;Alvarado LLC
Donald Zhang;45843 Meredith Roads
South Seanberg, FL 39548;Development worker, international aid;Matthews-Sutton
Daniel Brown;Unit 9114 Box 8918
DPO AA 76389;Occupational hygienist;Bruce Ltd
Traci Turner;965 Timothy Creek
Williamsburgh, MI 09726;Ambulance person;Morrow-King
Amanda Jackson;0749 Jimmy Spur
West Jessicabury, KS 50724;Warden/ranger;Charles, Stafford and Myers
Ryan Jackson;78227 Sanders Passage Apt. 306
Davidtown, DC 88274;Homeopath;Gregory Group
Daniel Sanchez;Unit 7693 Box 5519
DPO AE 08504;Mudlogger;Conway Group
Jesse Cabrera;054 Stacey Pike
Port Jessicaview, NC 32293;Teacher, primary school;Wong PLC
Robert Love;8339 Brett Parks Suite 253
Lake Monica, MS 71372;Arboriculturist;Ward, Bauer and Smith
Cameron Ortiz;81487 Miller Ferry
Darylton, WY 16918;Amenity horticulturist;Page, Jones and May
Christopher Smith;461 Barker Courts Apt. 143
New Mary, NE 48068;Cytogeneticist;Hernandez-Moore
Jennifer Nicholson;514 Allen Spring Suite 379
Lake Jason, CA 52094;Cartographer;Avila LLC
Julian Velasquez;78266 Veronica Lakes Apt. 700
Lisaburgh, OH 35881;Tax adviser;Reed, Carlson and Long
Jeffrey Reeves;62819 Christina Spur
Zhangberg, KS 68427;Maintenance engineer;Newman-Burton
Vanessa Morse;991 Oneill Fords Apt. 664
New Paulville, ND 44910;Computer games developer;Ray-Thomas
Lindsay Campbell;42150 Hayes Mission Apt. 577
Josephfort, ID 71993;Warehouse manager;Lloyd-Shepherd
Daniel Knapp;232 Timothy Village Suite 288
East Kevin, RI 34850;Trading standards officer;Brooks, Roberts and Johnson
Mary Roberts;8877 Mccoy Forks
North Timothy, NY 42850;Engineer, communications;Turner Inc
Name,Address,Job,Company
Joshua Mccarthy,87806 John Center
East Kevin, GU 92539,Scientist, audiological,Barnes LLC
Wanda Bowers,0661 Edwards Knoll
West Anthonymouth, OK 30980,Child psychotherapist,Golden-Knight
Glenn Dennis,634 Lisa Villages
Jenniferside, IN 27368,Engineer, water,Alvarado LLC
Donald Zhang,45843 Meredith Roads
South Seanberg, FL 39548,Development worker, international aid,Matthews-Sutton
Daniel Brown,Unit 9114 Box 8918
DPO AA 76389,Occupational hygienist,Bruce Ltd
Traci Turner,965 Timothy Creek
Williamsburgh, MI 09726,Ambulance person,Morrow-King
Amanda Jackson,0749 Jimmy Spur
West Jessicabury, KS 50724,Warden/ranger,Charles, Stafford and Myers
Ryan Jackson,78227 Sanders Passage Apt. 306
Davidtown, DC 88274,Homeopath,Gregory Group
Daniel Sanchez,Unit 7693 Box 5519
DPO AE 08504,Mudlogger,Conway Group
Jesse Cabrera,054 Stacey Pike
Port Jessicaview, NC 32293,Teacher, primary school,Wong PLC
Robert Love,8339 Brett Parks Suite 253
Lake Monica, MS 71372,Arboriculturist,Ward, Bauer and Smith
Cameron Ortiz,81487 Miller Ferry
Darylton, WY 16918,Amenity horticulturist,Page, Jones and May
Christopher Smith,461 Barker Courts Apt. 143
New Mary, NE 48068,Cytogeneticist,Hernandez-Moore
Jennifer Nicholson,514 Allen Spring Suite 379
Lake Jason, CA 52094,Cartographer,Avila LLC
Julian Velasquez,78266 Veronica Lakes Apt. 700
Lisaburgh, OH 35881,Tax adviser,Reed, Carlson and Long
Jeffrey Reeves,62819 Christina Spur
Zhangberg, KS 68427,Maintenance engineer,Newman-Burton
Vanessa Morse,991 Oneill Fords Apt. 664
New Paulville, ND 44910,Computer games developer,Ray-Thomas
Lindsay Campbell,42150 Hayes Mission Apt. 577
Josephfort, ID 71993,Warehouse manager,Lloyd-Shepherd
Daniel Knapp,232 Timothy Village Suite 288
East Kevin, RI 34850,Trading standards officer,Brooks, Roberts and Johnson
Mary Roberts,8877 Mccoy Forks
North Timothy, NY 42850,Engineer, communications,Turner Inc
